               epoch,      train/box_loss,      train/obj_loss,      train/cls_loss,   metrics/precision,      metrics/recall,     metrics/mAP_0.5,metrics/mAP_0.5:0.95,        val/box_loss,        val/obj_loss,        val/cls_loss,               x/lr0,               x/lr1,               x/lr2
                   0,              0.1121,            0.021157,                   0,           0.0084051,                0.12,           0.0049056,          0.00089138,             0.09344,             0.01382,                   0,              0.0811,              0.0021,              0.0021
                   1,            0.095018,            0.019759,                   0,            0.042723,                0.06,            0.035669,           0.0066069,            0.083657,            0.011339,                   0,            0.061286,           0.0042858,           0.0042858
                   2,            0.082604,             0.01834,                   0,              0.2644,                0.26,             0.15199,            0.042257,            0.074398,             0.01046,                   0,            0.041457,           0.0064571,           0.0064571
                   3,            0.073694,             0.01916,                   0,             0.18418,                0.18,             0.16625,            0.031236,            0.082687,           0.0085147,                   0,            0.021614,           0.0086139,           0.0086139
                   4,            0.067378,            0.018032,                   0,             0.42306,                0.46,             0.31595,            0.089732,            0.068652,           0.0082019,                   0,            0.009868,            0.009868,            0.009868
                   5,            0.061769,            0.017913,                   0,             0.44394,                0.54,             0.43353,             0.17308,            0.056104,           0.0096136,                   0,            0.009868,            0.009868,            0.009868
                   6,            0.056768,            0.016542,                   0,             0.33429,                0.56,             0.33316,            0.077364,            0.058719,           0.0084192,                   0,            0.009835,            0.009835,            0.009835
                   7,            0.052341,            0.015559,                   0,             0.56683,                0.72,             0.63836,             0.22897,            0.049491,           0.0081897,                   0,            0.009802,            0.009802,            0.009802
                   8,            0.050277,            0.015362,                   0,             0.64362,                0.66,             0.58009,             0.18149,            0.056043,           0.0067014,                   0,            0.009769,            0.009769,            0.009769
                   9,            0.046674,            0.013285,                   0,             0.77821,                0.68,             0.77618,              0.2661,            0.050073,           0.0062296,                   0,            0.009736,            0.009736,            0.009736
                  10,            0.046057,            0.012653,                   0,             0.74955,                 0.8,             0.79028,             0.31181,            0.044015,           0.0058115,                   0,            0.009703,            0.009703,            0.009703
                  11,            0.044019,            0.011828,                   0,             0.94384,              0.6724,             0.82576,             0.36115,            0.042793,             0.00589,                   0,             0.00967,             0.00967,             0.00967
                  12,            0.044797,            0.011796,                   0,             0.84324,              0.7532,             0.79561,             0.31198,            0.041949,           0.0056906,                   0,            0.009637,            0.009637,            0.009637
                  13,            0.044002,            0.010568,                   0,             0.90467,                0.84,             0.90692,             0.42938,            0.041169,           0.0050861,                   0,            0.009604,            0.009604,            0.009604
                  14,            0.041483,            0.010383,                   0,             0.83038,                0.82,             0.85684,              0.4001,            0.039603,            0.005045,                   0,            0.009571,            0.009571,            0.009571
                  15,            0.039583,           0.0096755,                   0,             0.87961,             0.87686,              0.8962,             0.46658,            0.035998,           0.0051277,                   0,            0.009538,            0.009538,            0.009538
                  16,            0.040003,           0.0094349,                   0,             0.88669,                0.88,             0.86839,             0.39625,            0.037514,           0.0049695,                   0,            0.009505,            0.009505,            0.009505
                  17,            0.038653,           0.0088503,                   0,             0.85727,                0.88,             0.88887,             0.46419,            0.035672,           0.0048047,                   0,            0.009472,            0.009472,            0.009472
                  18,            0.038296,           0.0090097,                   0,             0.86401,             0.88958,              0.8571,             0.44548,            0.034456,           0.0044997,                   0,            0.009439,            0.009439,            0.009439
                  19,            0.038102,           0.0088768,                   0,             0.88221,                0.84,             0.88474,             0.45748,            0.035338,           0.0044579,                   0,            0.009406,            0.009406,            0.009406
                  20,            0.038342,           0.0081194,                   0,             0.84354,                0.88,             0.85035,             0.43383,            0.035632,           0.0045374,                   0,            0.009373,            0.009373,            0.009373
                  21,             0.03557,           0.0084574,                   0,             0.84494,             0.87194,             0.81733,             0.36468,            0.037997,           0.0044223,                   0,             0.00934,             0.00934,             0.00934
                  22,            0.037807,           0.0079165,                   0,             0.89825,             0.88281,             0.89145,             0.46659,            0.037112,           0.0044803,                   0,            0.009307,            0.009307,            0.009307
                  23,            0.034221,           0.0085582,                   0,              0.8931,             0.83551,             0.85897,             0.46001,            0.032827,           0.0042442,                   0,            0.009274,            0.009274,            0.009274
                  24,            0.035884,           0.0078039,                   0,             0.89031,                0.84,             0.84457,             0.44287,            0.034082,            0.004099,                   0,            0.009241,            0.009241,            0.009241
                  25,            0.035932,           0.0081043,                   0,              0.8893,                0.86,             0.89379,             0.45779,            0.034309,           0.0041628,                   0,            0.009208,            0.009208,            0.009208
                  26,             0.03605,           0.0079546,                   0,              0.8504,                0.82,             0.79994,             0.39889,            0.037534,           0.0041951,                   0,            0.009175,            0.009175,            0.009175
                  27,            0.033958,           0.0077703,                   0,             0.91785,             0.89388,             0.91207,             0.49904,            0.033453,           0.0041394,                   0,            0.009142,            0.009142,            0.009142
                  28,            0.033552,           0.0081754,                   0,             0.93876,             0.91971,             0.91281,              0.5178,            0.034429,           0.0041547,                   0,            0.009109,            0.009109,            0.009109
                  29,            0.033357,           0.0080503,                   0,             0.93145,                0.84,             0.87197,             0.44725,            0.034347,           0.0042285,                   0,            0.009076,            0.009076,            0.009076
                  30,             0.03367,           0.0076397,                   0,             0.90738,                0.86,             0.89103,             0.47134,            0.035964,           0.0042599,                   0,            0.009043,            0.009043,            0.009043
                  31,              0.0329,           0.0073246,                   0,              0.8904,                0.88,             0.88133,             0.47669,            0.034105,            0.004426,                   0,             0.00901,             0.00901,             0.00901
                  32,            0.033284,           0.0078793,                   0,             0.88975,                0.86,             0.85076,             0.46738,             0.03479,           0.0043195,                   0,            0.008977,            0.008977,            0.008977
                  33,            0.031899,           0.0072495,                   0,             0.92961,                0.84,              0.8598,             0.48123,            0.033488,            0.004305,                   0,            0.008944,            0.008944,            0.008944
                  34,            0.030779,           0.0078127,                   0,             0.95631,             0.87555,             0.89557,             0.48286,            0.032669,            0.004433,                   0,            0.008911,            0.008911,            0.008911
                  35,             0.03017,           0.0073218,                   0,             0.90962,                0.84,             0.85752,             0.43044,            0.038245,           0.0044095,                   0,            0.008878,            0.008878,            0.008878
                  36,            0.032973,           0.0072033,                   0,             0.89018,                0.84,             0.85709,             0.43037,              0.0327,           0.0045332,                   0,            0.008845,            0.008845,            0.008845
                  37,            0.031303,           0.0077037,                   0,             0.91639,                0.82,             0.85534,             0.50551,            0.032575,           0.0041788,                   0,            0.008812,            0.008812,            0.008812
                  38,            0.031681,           0.0070391,                   0,             0.95476,                 0.9,             0.90974,             0.46046,            0.033913,           0.0041478,                   0,            0.008779,            0.008779,            0.008779
                  39,            0.031585,           0.0075948,                   0,             0.95858,                0.84,             0.88843,             0.44677,            0.035481,            0.004323,                   0,            0.008746,            0.008746,            0.008746
                  40,            0.031652,           0.0073054,                   0,             0.95522,              0.8533,              0.8744,              0.4094,            0.035524,           0.0044206,                   0,            0.008713,            0.008713,            0.008713
                  41,            0.031231,           0.0073934,                   0,              0.9094,                0.86,             0.86547,             0.47852,            0.031797,           0.0042613,                   0,             0.00868,             0.00868,             0.00868
                  42,             0.03087,           0.0073446,                   0,             0.89521,                0.88,              0.8752,             0.38407,            0.037213,             0.00436,                   0,            0.008647,            0.008647,            0.008647
                  43,            0.029421,           0.0071759,                   0,             0.91032,                0.86,              0.8479,             0.45043,            0.033763,           0.0043761,                   0,            0.008614,            0.008614,            0.008614
                  44,             0.03229,           0.0073578,                   0,             0.91198,                0.86,             0.88454,             0.48518,            0.033273,           0.0043034,                   0,            0.008581,            0.008581,            0.008581
                  45,            0.028831,           0.0069709,                   0,             0.95538,             0.85648,             0.90002,             0.50068,            0.031935,           0.0042995,                   0,            0.008548,            0.008548,            0.008548
                  46,             0.02963,           0.0066746,                   0,             0.94648,                0.86,             0.88803,             0.49953,            0.032307,           0.0042911,                   0,            0.008515,            0.008515,            0.008515
                  47,            0.029564,           0.0071998,                   0,             0.95567,                0.86,             0.89908,              0.4702,            0.032222,           0.0042783,                   0,            0.008482,            0.008482,            0.008482
                  48,            0.026857,            0.007254,                   0,             0.92324,                0.84,             0.87075,             0.46469,            0.032816,           0.0044612,                   0,            0.008449,            0.008449,            0.008449
                  49,            0.029397,             0.00685,                   0,             0.89467,                 0.8,             0.82679,             0.44125,            0.032722,            0.004393,                   0,            0.008416,            0.008416,            0.008416
                  50,             0.02967,            0.006881,                   0,             0.90089,                0.82,             0.82791,             0.48507,            0.032493,           0.0041617,                   0,            0.008383,            0.008383,            0.008383
                  51,            0.028774,           0.0069526,                   0,             0.85726,                0.78,             0.83775,             0.44289,            0.032304,           0.0043433,                   0,             0.00835,             0.00835,             0.00835
                  52,            0.027307,            0.006705,                   0,             0.79239,                0.84,             0.82973,             0.47699,            0.031569,           0.0043817,                   0,            0.008317,            0.008317,            0.008317
                  53,            0.026397,            0.006659,                   0,             0.90975,                0.86,             0.89522,             0.47673,            0.031203,           0.0042007,                   0,            0.008284,            0.008284,            0.008284
                  54,            0.026997,           0.0066962,                   0,             0.91632,              0.8761,             0.91359,             0.50351,            0.030907,           0.0039874,                   0,            0.008251,            0.008251,            0.008251
                  55,             0.02709,           0.0067514,                   0,              0.9247,                0.86,             0.89199,             0.45376,            0.033093,           0.0042404,                   0,            0.008218,            0.008218,            0.008218
                  56,            0.028957,           0.0070631,                   0,             0.91112,                0.86,             0.90451,             0.48274,            0.032804,           0.0042123,                   0,            0.008185,            0.008185,            0.008185
                  57,            0.026979,           0.0066714,                   0,             0.95729,             0.89664,              0.9149,             0.47381,            0.031765,           0.0041544,                   0,            0.008152,            0.008152,            0.008152
                  58,             0.02836,           0.0063686,                   0,              0.9573,             0.89681,             0.89707,             0.46744,            0.031603,           0.0041717,                   0,            0.008119,            0.008119,            0.008119
                  59,            0.028617,           0.0069065,                   0,              0.9358,             0.87459,             0.88427,             0.45579,             0.03174,           0.0043945,                   0,            0.008086,            0.008086,            0.008086
                  60,            0.025764,           0.0066017,                   0,             0.95616,             0.87251,             0.88233,             0.49004,            0.031728,            0.004238,                   0,            0.008053,            0.008053,            0.008053
                  61,            0.026298,           0.0067399,                   0,             0.95625,             0.87434,             0.87877,             0.44376,            0.033621,           0.0044127,                   0,             0.00802,             0.00802,             0.00802
                  62,            0.028252,           0.0065066,                   0,              0.9101,                0.88,             0.86043,             0.45191,            0.031938,           0.0046568,                   0,            0.007987,            0.007987,            0.007987
                  63,            0.026781,           0.0065265,                   0,             0.93247,                0.86,             0.86381,             0.45711,            0.031434,            0.004408,                   0,            0.007954,            0.007954,            0.007954
                  64,            0.026296,           0.0063255,                   0,             0.91444,              0.8551,             0.87252,             0.45126,            0.032351,           0.0042782,                   0,            0.007921,            0.007921,            0.007921
                  65,            0.026408,           0.0061605,                   0,             0.93405,                 0.9,             0.90235,             0.46546,            0.031978,           0.0043848,                   0,            0.007888,            0.007888,            0.007888
                  66,            0.026514,           0.0066006,                   0,             0.92867,                0.88,             0.86141,              0.4494,            0.032264,            0.004436,                   0,            0.007855,            0.007855,            0.007855
                  67,            0.026426,           0.0062671,                   0,             0.91086,                0.88,             0.89252,             0.46144,            0.031757,           0.0044176,                   0,            0.007822,            0.007822,            0.007822
                  68,            0.025117,           0.0063811,                   0,             0.93521,                0.88,             0.88064,             0.49038,            0.031594,           0.0042421,                   0,            0.007789,            0.007789,            0.007789
                  69,            0.025382,           0.0060907,                   0,             0.93018,                0.86,             0.86705,             0.50279,            0.031314,           0.0041936,                   0,            0.007756,            0.007756,            0.007756
                  70,            0.026421,           0.0064432,                   0,             0.94688,                 0.9,              0.9077,             0.51554,            0.031087,            0.004252,                   0,            0.007723,            0.007723,            0.007723
                  71,            0.025761,           0.0066011,                   0,             0.91274,             0.83683,             0.86285,             0.48982,            0.031364,           0.0042326,                   0,             0.00769,             0.00769,             0.00769
                  72,            0.025752,           0.0063448,                   0,               0.894,                0.86,             0.84739,             0.46441,            0.031764,           0.0042719,                   0,            0.007657,            0.007657,            0.007657
                  73,             0.02737,           0.0065344,                   0,             0.92617,                 0.9,              0.9167,             0.47625,             0.03353,           0.0044141,                   0,            0.007624,            0.007624,            0.007624
                  74,            0.025237,           0.0062782,                   0,             0.91899,                0.84,             0.88192,             0.45144,            0.031825,           0.0043947,                   0,            0.007591,            0.007591,            0.007591
                  75,            0.024928,           0.0064594,                   0,             0.89263,                 0.9,             0.88679,             0.46892,            0.031775,           0.0045895,                   0,            0.007558,            0.007558,            0.007558
                  76,            0.024583,           0.0061746,                   0,              0.9676,                0.88,             0.91807,             0.50569,            0.031111,           0.0044389,                   0,            0.007525,            0.007525,            0.007525
                  77,            0.024449,           0.0063618,                   0,             0.91531,                0.84,             0.85706,             0.50106,            0.030466,           0.0043806,                   0,            0.007492,            0.007492,            0.007492
                  78,            0.022902,           0.0062277,                   0,             0.94398,                0.84,             0.89486,             0.49204,            0.031101,           0.0043283,                   0,            0.007459,            0.007459,            0.007459
                  79,             0.02426,           0.0061565,                   0,             0.91153,                0.84,             0.86168,             0.47269,            0.032397,           0.0043146,                   0,            0.007426,            0.007426,            0.007426
                  80,            0.024121,           0.0062266,                   0,             0.96653,                0.84,             0.90414,             0.48044,            0.030823,           0.0042538,                   0,            0.007393,            0.007393,            0.007393
                  81,            0.024666,           0.0060049,                   0,             0.89505,             0.85289,             0.87389,             0.47598,             0.03117,           0.0043098,                   0,             0.00736,             0.00736,             0.00736
                  82,            0.025255,           0.0061085,                   0,             0.93168,                0.84,             0.87917,             0.48846,            0.031518,            0.004357,                   0,            0.007327,            0.007327,            0.007327
                  83,            0.025953,           0.0063958,                   0,             0.92913,                0.82,             0.85907,             0.46498,            0.030927,           0.0043524,                   0,            0.007294,            0.007294,            0.007294
                  84,            0.025092,           0.0065572,                   0,             0.96799,                0.82,             0.87928,             0.46317,            0.034019,           0.0046373,                   0,            0.007261,            0.007261,            0.007261
                  85,            0.023311,           0.0060075,                   0,             0.89727,             0.87351,             0.89316,             0.46753,             0.03169,            0.004509,                   0,            0.007228,            0.007228,            0.007228
                  86,            0.023799,           0.0062339,                   0,             0.93227,             0.82593,             0.87246,              0.4798,             0.03186,           0.0044685,                   0,            0.007195,            0.007195,            0.007195
                  87,            0.023408,           0.0061004,                   0,             0.92761,                0.86,             0.87665,             0.46591,            0.032821,             0.00443,                   0,            0.007162,            0.007162,            0.007162
                  88,            0.023521,            0.005983,                   0,             0.89315,                0.86,              0.8792,             0.47222,            0.031243,           0.0043759,                   0,            0.007129,            0.007129,            0.007129
                  89,            0.022864,           0.0060814,                   0,             0.87381,                0.84,             0.83647,             0.44823,            0.031173,           0.0043967,                   0,            0.007096,            0.007096,            0.007096
                  90,            0.022445,           0.0060914,                   0,             0.91247,                0.88,             0.89389,              0.4793,            0.030967,           0.0043835,                   0,            0.007063,            0.007063,            0.007063
                  91,             0.02385,           0.0059681,                   0,              0.9531,                 0.9,             0.91925,             0.47668,            0.032105,            0.004322,                   0,             0.00703,             0.00703,             0.00703
                  92,             0.02339,           0.0056988,                   0,             0.94486,                0.86,              0.8881,             0.46964,            0.032462,           0.0043251,                   0,            0.006997,            0.006997,            0.006997
                  93,            0.024437,           0.0061292,                   0,             0.91184,                0.86,             0.87324,             0.51405,             0.03076,           0.0042094,                   0,            0.006964,            0.006964,            0.006964
                  94,            0.023592,           0.0061078,                   0,             0.96401,                0.82,             0.89892,             0.52489,            0.029733,           0.0041692,                   0,            0.006931,            0.006931,            0.006931
                  95,            0.022868,           0.0058824,                   0,              0.9281,                0.84,             0.90154,             0.54666,            0.028901,           0.0040869,                   0,            0.006898,            0.006898,            0.006898
                  96,            0.023106,           0.0062825,                   0,             0.93579,             0.87454,             0.90496,             0.50307,            0.030911,           0.0043719,                   0,            0.006865,            0.006865,            0.006865
                  97,             0.02156,           0.0060655,                   0,             0.95544,             0.85767,             0.90779,             0.51158,             0.03041,           0.0042399,                   0,            0.006832,            0.006832,            0.006832
                  98,            0.023329,           0.0053824,                   0,             0.98529,                0.84,             0.91369,             0.48138,             0.03204,           0.0041692,                   0,            0.006799,            0.006799,            0.006799
                  99,            0.022055,           0.0059411,                   0,                   1,             0.83847,             0.90648,             0.49579,             0.03118,           0.0041927,                   0,            0.006766,            0.006766,            0.006766
                 100,            0.023009,           0.0058419,                   0,             0.98208,                0.82,             0.88284,             0.49771,            0.031383,           0.0043788,                   0,            0.006733,            0.006733,            0.006733
                 101,            0.022889,           0.0057212,                   0,             0.92989,                0.86,             0.88348,             0.47461,            0.031009,            0.004538,                   0,              0.0067,              0.0067,              0.0067
                 102,            0.023107,           0.0057651,                   0,             0.92699,                 0.8,             0.85813,             0.48726,            0.031684,           0.0046248,                   0,            0.006667,            0.006667,            0.006667
                 103,             0.02275,           0.0059582,                   0,             0.91464,             0.85729,             0.88254,             0.50454,            0.030578,           0.0045351,                   0,            0.006634,            0.006634,            0.006634
                 104,            0.021707,           0.0056675,                   0,             0.92246,                0.82,             0.89785,             0.51496,            0.029828,           0.0044714,                   0,            0.006601,            0.006601,            0.006601
                 105,            0.022912,           0.0056611,                   0,             0.90806,                0.84,             0.89044,             0.48341,            0.031383,           0.0046153,                   0,            0.006568,            0.006568,            0.006568
                 106,            0.021136,           0.0054364,                   0,             0.91185,                0.84,              0.8674,             0.46666,            0.031362,           0.0046402,                   0,            0.006535,            0.006535,            0.006535
                 107,              0.0219,           0.0057052,                   0,             0.90702,                0.84,             0.87837,             0.48901,            0.031243,           0.0045125,                   0,            0.006502,            0.006502,            0.006502
                 108,            0.021219,           0.0057035,                   0,             0.88785,                0.82,              0.8661,             0.48066,            0.031628,           0.0045407,                   0,            0.006469,            0.006469,            0.006469
                 109,            0.021723,           0.0057729,                   0,             0.89321,             0.83648,             0.87024,             0.50332,            0.031654,            0.004461,                   0,            0.006436,            0.006436,            0.006436
                 110,            0.021463,             0.00596,                   0,             0.89223,                0.86,             0.89756,             0.47693,            0.032607,           0.0043844,                   0,            0.006403,            0.006403,            0.006403
                 111,            0.021987,           0.0056448,                   0,              0.8848,                0.82,             0.85525,             0.47201,            0.031286,           0.0044692,                   0,             0.00637,             0.00637,             0.00637
                 112,            0.021549,           0.0056687,                   0,             0.88268,                 0.8,             0.85967,             0.48816,            0.032129,           0.0045853,                   0,            0.006337,            0.006337,            0.006337
                 113,            0.021474,           0.0058927,                   0,             0.88119,                0.84,             0.85835,             0.46972,            0.030827,           0.0044349,                   0,            0.006304,            0.006304,            0.006304
                 114,            0.019984,           0.0055683,                   0,             0.91069,                0.86,             0.87482,             0.45692,            0.031589,              0.0045,                   0,            0.006271,            0.006271,            0.006271
                 115,            0.020492,            0.005559,                   0,             0.93206,             0.82325,             0.86982,              0.4772,            0.031205,           0.0046037,                   0,            0.006238,            0.006238,            0.006238
                 116,            0.021493,           0.0057218,                   0,             0.89003,                0.86,             0.89195,             0.50249,            0.029925,           0.0044986,                   0,            0.006205,            0.006205,            0.006205
                 117,             0.02252,           0.0055368,                   0,             0.93612,             0.87922,             0.90703,             0.51016,            0.030659,           0.0044681,                   0,            0.006172,            0.006172,            0.006172
                 118,             0.02176,           0.0055357,                   0,             0.92364,                0.88,             0.89576,             0.48968,            0.030967,           0.0043391,                   0,            0.006139,            0.006139,            0.006139
                 119,            0.021403,           0.0060728,                   0,             0.91077,                0.88,             0.88866,             0.48921,            0.030153,           0.0043364,                   0,            0.006106,            0.006106,            0.006106
                 120,            0.020992,            0.005511,                   0,             0.89576,                0.88,             0.89775,             0.47659,            0.030761,            0.004398,                   0,            0.006073,            0.006073,            0.006073
                 121,            0.021164,           0.0053384,                   0,              0.8889,                0.86,             0.88632,             0.50478,            0.030438,           0.0043272,                   0,             0.00604,             0.00604,             0.00604
                 122,            0.019881,           0.0054174,                   0,             0.87384,                0.84,             0.84937,             0.49688,            0.029907,           0.0042783,                   0,            0.006007,            0.006007,            0.006007
                 123,            0.021142,           0.0054767,                   0,             0.90585,                0.84,             0.89674,             0.50937,            0.030081,           0.0042877,                   0,            0.005974,            0.005974,            0.005974
                 124,            0.020178,            0.005659,                   0,             0.90288,                0.86,             0.89644,             0.52358,            0.029437,           0.0043127,                   0,            0.005941,            0.005941,            0.005941
                 125,            0.020176,            0.005713,                   0,             0.89637,                0.88,              0.8821,              0.4847,            0.030117,           0.0044337,                   0,            0.005908,            0.005908,            0.005908
                 126,             0.02126,           0.0054481,                   0,             0.89787,             0.87916,             0.90117,             0.48053,            0.031129,           0.0043443,                   0,            0.005875,            0.005875,            0.005875
                 127,            0.020604,           0.0056368,                   0,             0.91934,                0.84,             0.90684,             0.51185,            0.029989,           0.0042825,                   0,            0.005842,            0.005842,            0.005842
                 128,            0.020224,           0.0056336,                   0,             0.90193,                0.82,             0.87819,              0.5157,            0.030514,           0.0042785,                   0,            0.005809,            0.005809,            0.005809
                 129,            0.020106,            0.005427,                   0,             0.93526,                0.84,             0.90714,             0.53219,            0.030122,            0.004177,                   0,            0.005776,            0.005776,            0.005776
                 130,            0.020237,           0.0051346,                   0,              0.9293,                0.86,             0.90106,             0.51216,            0.030764,           0.0042847,                   0,            0.005743,            0.005743,            0.005743
                 131,            0.020274,           0.0056253,                   0,             0.90916,                0.84,             0.86803,             0.50881,            0.031274,           0.0043152,                   0,             0.00571,             0.00571,             0.00571
                 132,            0.020283,           0.0056082,                   0,             0.92402,                0.86,             0.89826,             0.51175,            0.030156,           0.0043338,                   0,            0.005677,            0.005677,            0.005677
                 133,            0.019993,           0.0056682,                   0,             0.93154,                0.86,             0.89968,             0.51531,            0.028934,           0.0043292,                   0,            0.005644,            0.005644,            0.005644
                 134,            0.020424,           0.0059018,                   0,             0.91415,                0.86,             0.89607,             0.49955,            0.029843,           0.0043541,                   0,            0.005611,            0.005611,            0.005611
                 135,            0.020046,           0.0054104,                   0,             0.93307,                0.86,             0.90331,             0.49415,            0.030387,           0.0043066,                   0,            0.005578,            0.005578,            0.005578
                 136,            0.019886,           0.0054737,                   0,             0.93394,             0.84831,              0.8874,             0.48639,            0.030234,           0.0042103,                   0,            0.005545,            0.005545,            0.005545
                 137,            0.019606,           0.0054839,                   0,              0.9338,                0.86,             0.88679,              0.4982,            0.030524,           0.0042226,                   0,            0.005512,            0.005512,            0.005512
                 138,            0.019752,           0.0056413,                   0,             0.95483,                0.86,             0.90557,             0.52237,            0.031256,           0.0042856,                   0,            0.005479,            0.005479,            0.005479
                 139,            0.020236,           0.0056548,                   0,             0.91754,                0.84,             0.85706,             0.50238,            0.030969,           0.0042706,                   0,            0.005446,            0.005446,            0.005446
                 140,            0.018671,           0.0054677,                   0,             0.90536,                0.84,             0.85404,             0.50021,            0.031115,           0.0041953,                   0,            0.005413,            0.005413,            0.005413
                 141,            0.020766,           0.0052781,                   0,             0.91298,             0.83939,             0.82796,              0.5028,            0.029795,           0.0041991,                   0,             0.00538,             0.00538,             0.00538
                 142,            0.020185,           0.0052385,                   0,             0.88969,                0.84,             0.85372,             0.51278,            0.029328,            0.004218,                   0,            0.005347,            0.005347,            0.005347
                 143,            0.019471,           0.0051716,                   0,             0.93413,             0.85096,             0.88012,              0.5012,             0.03017,           0.0043756,                   0,            0.005314,            0.005314,            0.005314
                 144,            0.018983,           0.0053665,                   0,             0.94278,                0.86,             0.89958,             0.47714,            0.030711,           0.0044318,                   0,            0.005281,            0.005281,            0.005281
                 145,            0.018007,           0.0053095,                   0,             0.94727,                0.86,             0.90038,             0.49941,            0.030089,           0.0042979,                   0,            0.005248,            0.005248,            0.005248
                 146,            0.018981,           0.0049375,                   0,             0.95541,             0.85722,             0.90145,             0.50639,            0.030068,           0.0042603,                   0,            0.005215,            0.005215,            0.005215
                 147,            0.018907,           0.0052355,                   0,             0.94602,                0.86,              0.9011,             0.52033,            0.030288,           0.0042492,                   0,            0.005182,            0.005182,            0.005182
                 148,            0.018597,           0.0053602,                   0,             0.94339,                0.86,             0.89918,             0.49679,            0.030795,           0.0043307,                   0,            0.005149,            0.005149,            0.005149
                 149,            0.019916,           0.0053682,                   0,              0.9484,                0.86,             0.90345,             0.51489,            0.031013,           0.0044475,                   0,            0.005116,            0.005116,            0.005116
                 150,            0.019425,           0.0050421,                   0,             0.95046,                0.86,             0.90404,             0.51563,            0.030778,           0.0043999,                   0,            0.005083,            0.005083,            0.005083
                 151,             0.01954,           0.0052671,                   0,             0.97733,                0.86,              0.9047,             0.52485,            0.030888,           0.0044435,                   0,             0.00505,             0.00505,             0.00505
                 152,            0.018228,           0.0053128,                   0,             0.96733,                0.84,             0.89078,             0.49358,            0.032167,           0.0045477,                   0,            0.005017,            0.005017,            0.005017
                 153,            0.018407,           0.0053295,                   0,             0.95374,             0.82469,             0.88781,             0.49305,            0.031352,           0.0044376,                   0,            0.004984,            0.004984,            0.004984
                 154,            0.018964,           0.0052891,                   0,              0.9538,             0.82589,             0.90647,              0.5113,             0.03065,           0.0043016,                   0,            0.004951,            0.004951,            0.004951
                 155,            0.018032,           0.0050751,                   0,             0.93473,             0.85926,             0.89037,             0.50145,             0.02966,           0.0042229,                   0,            0.004918,            0.004918,            0.004918
                 156,            0.018993,           0.0052677,                   0,             0.95326,             0.81592,             0.85929,             0.50785,            0.029973,           0.0043272,                   0,            0.004885,            0.004885,            0.004885
                 157,            0.019422,           0.0052577,                   0,             0.93021,                0.82,             0.86091,               0.515,            0.030721,           0.0043092,                   0,            0.004852,            0.004852,            0.004852
                 158,            0.019303,           0.0051088,                   0,             0.94935,                0.84,             0.89782,              0.4984,            0.031819,           0.0042603,                   0,            0.004819,            0.004819,            0.004819
                 159,            0.018794,           0.0054096,                   0,             0.94519,                0.84,             0.91152,             0.51279,            0.030479,           0.0042027,                   0,            0.004786,            0.004786,            0.004786
                 160,              0.0188,           0.0054186,                   0,             0.91014,             0.81043,              0.8822,             0.50814,            0.031094,           0.0042374,                   0,            0.004753,            0.004753,            0.004753
                 161,            0.018341,           0.0051339,                   0,             0.90414,                0.84,             0.88189,             0.48496,            0.031351,           0.0042478,                   0,             0.00472,             0.00472,             0.00472
                 162,            0.019251,           0.0051869,                   0,             0.89185,                0.84,             0.87901,             0.48037,             0.03134,           0.0042979,                   0,            0.004687,            0.004687,            0.004687
                 163,            0.018027,           0.0050552,                   0,              0.9125,                0.82,             0.87059,             0.50142,            0.030711,           0.0042837,                   0,            0.004654,            0.004654,            0.004654
                 164,            0.018625,           0.0055311,                   0,             0.91003,                0.84,             0.87423,             0.50152,            0.030643,            0.004357,                   0,            0.004621,            0.004621,            0.004621
                 165,              0.0186,            0.005812,                   0,             0.93403,                0.86,             0.90091,             0.49932,             0.03032,           0.0043346,                   0,            0.004588,            0.004588,            0.004588
                 166,            0.018436,           0.0050321,                   0,             0.93229,                0.86,             0.90204,             0.50012,            0.030685,           0.0043289,                   0,            0.004555,            0.004555,            0.004555
                 167,            0.018264,           0.0054177,                   0,             0.91523,                0.84,             0.90058,             0.51536,            0.029986,           0.0043012,                   0,            0.004522,            0.004522,            0.004522
                 168,            0.018133,           0.0051496,                   0,             0.89281,                0.86,              0.8957,             0.51812,              0.0298,           0.0043848,                   0,            0.004489,            0.004489,            0.004489
                 169,            0.018684,           0.0052556,                   0,             0.93262,                0.84,             0.89336,             0.51926,            0.030187,           0.0043483,                   0,            0.004456,            0.004456,            0.004456
                 170,            0.017796,           0.0050261,                   0,             0.91978,                0.82,             0.86061,             0.48855,             0.03079,           0.0045179,                   0,            0.004423,            0.004423,            0.004423
                 171,            0.017655,           0.0051007,                   0,              0.9438,                0.84,             0.86384,             0.49513,            0.030334,           0.0045874,                   0,             0.00439,             0.00439,             0.00439
                 172,            0.017359,            0.005177,                   0,             0.93251,             0.82907,             0.86499,             0.50609,            0.030262,           0.0045495,                   0,            0.004357,            0.004357,            0.004357
                 173,            0.018432,           0.0056635,                   0,              0.8881,                0.84,             0.86607,             0.50448,            0.030155,           0.0045443,                   0,            0.004324,            0.004324,            0.004324
                 174,            0.017779,            0.005114,                   0,             0.89221,             0.82782,             0.86327,             0.50252,            0.030428,           0.0046061,                   0,            0.004291,            0.004291,            0.004291
                 175,            0.017358,           0.0051438,                   0,             0.92391,                0.84,             0.86007,             0.49107,            0.030611,           0.0046215,                   0,            0.004258,            0.004258,            0.004258
                 176,            0.017893,           0.0053489,                   0,             0.91241,                0.84,              0.8576,             0.48308,            0.031206,           0.0046637,                   0,            0.004225,            0.004225,            0.004225
                 177,            0.017918,           0.0053068,                   0,              0.9235,                0.84,             0.86125,             0.50192,            0.031078,           0.0045735,                   0,            0.004192,            0.004192,            0.004192
                 178,            0.018517,           0.0049874,                   0,             0.95426,                0.86,             0.89849,             0.51329,            0.030771,            0.004568,                   0,            0.004159,            0.004159,            0.004159
                 179,            0.017406,           0.0050814,                   0,             0.95535,             0.85588,             0.89744,             0.50162,             0.03126,           0.0045399,                   0,            0.004126,            0.004126,            0.004126
                 180,            0.017951,           0.0052516,                   0,             0.89023,                0.84,             0.85434,              0.4977,            0.031183,           0.0046318,                   0,            0.004093,            0.004093,            0.004093
                 181,            0.017181,           0.0048309,                   0,             0.89914,                0.84,              0.8627,             0.50167,            0.031038,           0.0046181,                   0,             0.00406,             0.00406,             0.00406
                 182,            0.018332,           0.0053989,                   0,             0.91018,                0.86,             0.90698,             0.51302,            0.030374,           0.0045214,                   0,            0.004027,            0.004027,            0.004027
                 183,            0.017992,           0.0050707,                   0,             0.91477,                0.86,              0.8987,              0.5024,            0.030345,           0.0044743,                   0,            0.003994,            0.003994,            0.003994
                 184,             0.01753,           0.0051147,                   0,             0.90618,                0.82,             0.86164,             0.49735,            0.030784,           0.0044178,                   0,            0.003961,            0.003961,            0.003961
                 185,            0.018085,            0.005061,                   0,             0.93174,                0.86,              0.8953,             0.50035,            0.031065,           0.0044313,                   0,            0.003928,            0.003928,            0.003928
                 186,            0.017212,           0.0048018,                   0,             0.92947,                0.86,             0.89965,              0.5086,             0.03051,           0.0043264,                   0,            0.003895,            0.003895,            0.003895
                 187,            0.017155,           0.0050843,                   0,             0.91292,             0.83869,             0.86482,              0.5082,            0.030126,           0.0043603,                   0,            0.003862,            0.003862,            0.003862
                 188,             0.01694,             0.00511,                   0,             0.91369,               0.847,             0.90029,              0.5177,            0.030214,           0.0044298,                   0,            0.003829,            0.003829,            0.003829
                 189,            0.017875,           0.0047907,                   0,             0.93167,                0.86,             0.90291,             0.52135,            0.030709,           0.0043918,                   0,            0.003796,            0.003796,            0.003796
                 190,            0.017182,           0.0050843,                   0,              0.9239,                0.86,             0.90101,             0.52671,            0.030568,           0.0043811,                   0,            0.003763,            0.003763,            0.003763
                 191,             0.01718,           0.0050365,                   0,             0.94321,                0.86,             0.90437,             0.52737,            0.030511,           0.0044182,                   0,             0.00373,             0.00373,             0.00373
                 192,            0.017751,           0.0051009,                   0,             0.91624,                0.84,             0.90378,             0.52669,             0.03055,           0.0044869,                   0,            0.003697,            0.003697,            0.003697
                 193,            0.017561,           0.0047102,                   0,             0.93806,                0.84,             0.90642,             0.52986,            0.030491,           0.0044026,                   0,            0.003664,            0.003664,            0.003664
                 194,            0.016813,           0.0047945,                   0,             0.89566,             0.85841,             0.87597,             0.51349,            0.030155,           0.0044025,                   0,            0.003631,            0.003631,            0.003631
                 195,            0.016911,           0.0049965,                   0,             0.96001,                0.86,             0.90333,             0.51243,            0.030419,           0.0044791,                   0,            0.003598,            0.003598,            0.003598
